Bone,
Comma,
Glas,
HCircle,
Heart,
Misk,
apple,
bat,
beetle,
bell,
bird,
bottle,
brick,
butterfly,
camel,
car,
carriage,
cattle,
cellular_phone,
chicken,
children,
chopper,
classic,
crown,
cup,
deer,
device0,
device1,
device2,
device3,
device4,
device5,
device6,
device7,
device8,
device9,
dog,
elephant,
face,
fish,
flatfish,
fly,
fork,
fountain,
frog,
guitar,
hammer,
hat,
horse,
horseshoe,
jar,
key,
lizzard,
lmfish,
octopus,
pencil,
personal_car,
pocket,
rat,
ray,
sea_snake,
shoe,
spoon,
spring,
stef,
teddy,
tree,
truck,
turtle,
watch,